challenge_id,v103_id,lead_index,different_samples,max_absolute_digital_difference,mean_digital_difference,std_digital_difference,correlation
1,1,0,0,0,0.0,0.0,1.0
1,1,1,0,0,0.0,0.0,0.9999999999999999
1,1,2,0,0,0.0,0.0,0.9999999999999999
1,1,3,0,0,0.0,0.0,1.0
1,1,4,0,0,0.0,0.0,1.0
1,1,5,0,0,0.0,0.0,1.0
1,1,6,0,0,0.0,0.0,1.0
1,1,7,0,0,0.0,0.0,0.9999999999999999
1,1,8,0,0,0.0,0.0,1.0
1,1,9,0,0,0.0,0.0,0.9999999999999999
1,1,10,0,0,0.0,0.0,1.0
1,1,11,0,0,0.0,0.0,1.0
21837,21837,0,0,0,0.0,0.0,1.0
21837,21837,1,0,0,0.0,0.0,0.9999999999999999
21837,21837,2,0,0,0.0,0.0,0.9999999999999999
21837,21837,3,0,0,0.0,0.0,0.9999999999999999
21837,21837,4,0,0,0.0,0.0,1.0
21837,21837,5,0,0,0.0,0.0,1.0
21837,21837,6,0,0,0.0,0.0,1.0
21837,21837,7,0,0,0.0,0.0,1.0
21837,21837,8,0,0,0.0,0.0,1.0
21837,21837,9,0,0,0.0,0.0,1.0
21837,21837,10,0,0,0.0,0.0,1.0
21837,21837,11,0,0,0.0,0.0,1.0
138,138,0,0,0,0.0,0.0,1.0
138,138,1,0,0,0.0,0.0,0.9999999999999999
138,138,2,0,0,0.0,0.0,1.0
138,138,3,0,0,0.0,0.0,1.0
138,138,4,0,0,0.0,0.0,0.9999999999999999
138,138,5,0,0,0.0,0.0,1.0
138,138,6,0,0,0.0,0.0,1.0
138,138,7,0,0,0.0,0.0,1.0
138,138,8,0,0,0.0,0.0,1.0
138,138,9,0,0,0.0,0.0,1.0
138,138,10,0,0,0.0,0.0,1.0
138,138,11,0,0,0.0,0.0,0.9999999999999999
144,144,0,0,0,0.0,0.0,0.9999999999999999
144,144,1,0,0,0.0,0.0,1.0
144,144,2,0,0,0.0,0.0,1.0
144,144,3,0,0,0.0,0.0,0.9999999999999999
144,144,4,0,0,0.0,0.0,0.9999999999999998
144,144,5,0,0,0.0,0.0,1.0
144,144,6,0,0,0.0,0.0,1.0
144,144,7,0,0,0.0,0.0,0.9999999999999998
144,144,8,0,0,0.0,0.0,0.9999999999999999
144,144,9,0,0,0.0,0.0,0.9999999999999998
144,144,10,0,0,0.0,0.0,1.0
144,144,11,0,0,0.0,0.0,1.0
2507,2507,0,0,0,0.0,0.0,1.0
2507,2507,1,0,0,0.0,0.0,0.9999999999999998
2507,2507,2,0,0,0.0,0.0,1.0
2507,2507,3,0,0,0.0,0.0,1.0
2507,2507,4,0,0,0.0,0.0,1.0
2507,2507,5,0,0,0.0,0.0,0.9999999999999998
2507,2507,6,0,0,0.0,0.0,1.0
2507,2507,7,0,0,0.0,0.0,0.9999999999999998
2507,2507,8,0,0,0.0,0.0,0.9999999999999998
2507,2507,9,0,0,0.0,0.0,0.9999999999999999
2507,2507,10,0,0,0.0,0.0,1.0
2507,2507,11,0,0,0.0,0.0,1.0
11816,11816,0,0,0,0.0,0.0,0.9999999999999998
11816,11816,1,0,0,0.0,0.0,1.0
11816,11816,2,0,0,0.0,0.0,1.0
11816,11816,3,0,0,0.0,0.0,0.9999999999999999
11816,11816,4,0,0,0.0,0.0,1.0
11816,11816,5,0,0,0.0,0.0,1.0
11816,11816,6,0,0,0.0,0.0,1.0
11816,11816,7,0,0,0.0,0.0,0.9999999999999998
11816,11816,8,0,0,0.0,0.0,1.0
11816,11816,9,0,0,0.0,0.0,1.0
11816,11816,10,0,0,0.0,0.0,1.0
11816,11816,11,0,0,0.0,0.0,0.9999999999999999
3802,3802,0,0,0,0.0,0.0,1.0
3802,3802,1,0,0,0.0,0.0,1.0
3802,3802,2,0,0,0.0,0.0,1.0
3802,3802,3,0,0,0.0,0.0,1.0
3802,3802,4,0,0,0.0,0.0,1.0
3802,3802,5,0,0,0.0,0.0,1.0
3802,3802,6,0,0,0.0,0.0,1.0
3802,3802,7,0,0,0.0,0.0,1.0
3802,3802,8,0,0,0.0,0.0,0.9999999999999999
3802,3802,9,0,0,0.0,0.0,1.0
3802,3802,10,0,0,0.0,0.0,1.0
3802,3802,11,0,0,0.0,0.0,0.9999999999999998
101,101,0,0,0,0.0,0.0,1.0
101,101,1,0,0,0.0,0.0,1.0
101,101,2,0,0,0.0,0.0,0.9999999999999999
101,101,3,0,0,0.0,0.0,1.0
101,101,4,0,0,0.0,0.0,1.0
101,101,5,0,0,0.0,0.0,0.9999999999999998
101,101,6,0,0,0.0,0.0,1.0
101,101,7,0,0,0.0,0.0,0.9999999999999998
101,101,8,0,0,0.0,0.0,0.9999999999999998
101,101,9,0,0,0.0,0.0,1.0
101,101,10,0,0,0.0,0.0,1.0
101,101,11,0,0,0.0,0.0,1.0
151,151,0,0,0,0.0,0.0,1.0
151,151,1,0,0,0.0,0.0,0.9999999999999998
151,151,2,0,0,0.0,0.0,1.0
151,151,3,0,0,0.0,0.0,1.0
151,151,4,0,0,0.0,0.0,0.9999999999999999
151,151,5,0,0,0.0,0.0,1.0
151,151,6,0,0,0.0,0.0,0.9999999999999999
151,151,7,0,0,0.0,0.0,1.0
151,151,8,0,0,0.0,0.0,0.9999999999999999
151,151,9,0,0,0.0,0.0,1.0
151,151,10,0,0,0.0,0.0,1.0
151,151,11,0,0,0.0,0.0,0.9999999999999998
1978,1978,0,0,0,0.0,0.0,1.0
1978,1978,1,0,0,0.0,0.0,1.0
1978,1978,2,0,0,0.0,0.0,1.0
1978,1978,3,0,0,0.0,0.0,1.0
1978,1978,4,0,0,0.0,0.0,1.0
1978,1978,5,0,0,0.0,0.0,0.9999999999999999
1978,1978,6,0,0,0.0,0.0,1.0
1978,1978,7,0,0,0.0,0.0,0.9999999999999998
1978,1978,8,0,0,0.0,0.0,1.0
1978,1978,9,0,0,0.0,0.0,1.0
1978,1978,10,0,0,0.0,0.0,1.0
1978,1978,11,0,0,0.0,0.0,1.0
2594,2594,0,0,0,0.0,0.0,0.9999999999999998
2594,2594,1,0,0,0.0,0.0,0.9999999999999998
2594,2594,2,0,0,0.0,0.0,0.9999999999999998
2594,2594,3,0,0,0.0,0.0,1.0
2594,2594,4,0,0,0.0,0.0,1.0
2594,2594,5,0,0,0.0,0.0,1.0
2594,2594,6,0,0,0.0,0.0,1.0
2594,2594,7,0,0,0.0,0.0,1.0
2594,2594,8,0,0,0.0,0.0,1.0
2594,2594,9,0,0,0.0,0.0,1.0
2594,2594,10,0,0,0.0,0.0,0.9999999999999999
2594,2594,11,0,0,0.0,0.0,1.0
3052,3052,0,0,0,0.0,0.0,1.0
3052,3052,1,0,0,0.0,0.0,1.0
3052,3052,2,0,0,0.0,0.0,1.0
3052,3052,3,0,0,0.0,0.0,0.9999999999999999
3052,3052,4,0,0,0.0,0.0,1.0
3052,3052,5,0,0,0.0,0.0,1.0
3052,3052,6,0,0,0.0,0.0,1.0
3052,3052,7,0,0,0.0,0.0,1.0
3052,3052,8,0,0,0.0,0.0,1.0
3052,3052,9,0,0,0.0,0.0,1.0
3052,3052,10,0,0,0.0,0.0,1.0
3052,3052,11,0,0,0.0,0.0,1.0
5168,5168,0,0,0,0.0,0.0,0.9999999999999999
5168,5168,1,0,0,0.0,0.0,1.0
5168,5168,2,0,0,0.0,0.0,1.0
5168,5168,3,0,0,0.0,0.0,1.0
5168,5168,4,0,0,0.0,0.0,0.9999999999999998
5168,5168,5,0,0,0.0,0.0,1.0
5168,5168,6,0,0,0.0,0.0,1.0
5168,5168,7,0,0,0.0,0.0,0.9999999999999999
5168,5168,8,0,0,0.0,0.0,0.9999999999999999
5168,5168,9,0,0,0.0,0.0,1.0
5168,5168,10,0,0,0.0,0.0,0.9999999999999999
5168,5168,11,0,0,0.0,0.0,1.0
6275,6275,0,0,0,0.0,0.0,1.0
6275,6275,1,0,0,0.0,0.0,0.9999999999999999
6275,6275,2,0,0,0.0,0.0,1.0
6275,6275,3,0,0,0.0,0.0,1.0
6275,6275,4,0,0,0.0,0.0,1.0
6275,6275,5,0,0,0.0,0.0,0.9999999999999999
6275,6275,6,0,0,0.0,0.0,1.0
6275,6275,7,0,0,0.0,0.0,1.0
6275,6275,8,0,0,0.0,0.0,1.0
6275,6275,9,0,0,0.0,0.0,0.9999999999999998
6275,6275,10,0,0,0.0,0.0,1.0
6275,6275,11,0,0,0.0,0.0,1.0
7786,7786,0,0,0,0.0,0.0,0.9999999999999998
7786,7786,1,0,0,0.0,0.0,1.0
7786,7786,2,0,0,0.0,0.0,1.0
7786,7786,3,0,0,0.0,0.0,1.0
7786,7786,4,0,0,0.0,0.0,1.0
7786,7786,5,0,0,0.0,0.0,0.9999999999999999
7786,7786,6,0,0,0.0,0.0,1.0
7786,7786,7,0,0,0.0,0.0,1.0
7786,7786,8,0,0,0.0,0.0,0.9999999999999999
7786,7786,9,0,0,0.0,0.0,1.0
7786,7786,10,0,0,0.0,0.0,0.9999999999999999
7786,7786,11,0,0,0.0,0.0,1.0
8317,8317,0,0,0,0.0,0.0,1.0
8317,8317,1,0,0,0.0,0.0,1.0
8317,8317,2,0,0,0.0,0.0,1.0
8317,8317,3,0,0,0.0,0.0,1.0
8317,8317,4,0,0,0.0,0.0,1.0
8317,8317,5,0,0,0.0,0.0,1.0
8317,8317,6,0,0,0.0,0.0,0.9999999999999998
8317,8317,7,0,0,0.0,0.0,1.0
8317,8317,8,0,0,0.0,0.0,1.0
8317,8317,9,0,0,0.0,0.0,1.0
8317,8317,10,0,0,0.0,0.0,1.0
8317,8317,11,0,0,0.0,0.0,0.9999999999999998
8867,8867,0,0,0,0.0,0.0,1.0
8867,8867,1,0,0,0.0,0.0,1.0
8867,8867,2,0,0,0.0,0.0,1.0
8867,8867,3,0,0,0.0,0.0,1.0
8867,8867,4,0,0,0.0,0.0,1.0
8867,8867,5,0,0,0.0,0.0,0.9999999999999998
8867,8867,6,0,0,0.0,0.0,1.0
8867,8867,7,0,0,0.0,0.0,1.0
8867,8867,8,0,0,0.0,0.0,1.0
8867,8867,9,0,0,0.0,0.0,1.0
8867,8867,10,0,0,0.0,0.0,0.9999999999999998
8867,8867,11,0,0,0.0,0.0,1.0
9637,9637,0,0,0,0.0,0.0,1.0
9637,9637,1,0,0,0.0,0.0,1.0
9637,9637,2,0,0,0.0,0.0,1.0
9637,9637,3,0,0,0.0,0.0,1.0
9637,9637,4,0,0,0.0,0.0,1.0
9637,9637,5,0,0,0.0,0.0,1.0
9637,9637,6,0,0,0.0,0.0,0.9999999999999998
9637,9637,7,0,0,0.0,0.0,1.0
9637,9637,8,0,0,0.0,0.0,1.0
9637,9637,9,0,0,0.0,0.0,0.9999999999999998
9637,9637,10,0,0,0.0,0.0,1.0
9637,9637,11,0,0,0.0,0.0,1.0
9738,9738,0,0,0,0.0,0.0,1.0
9738,9738,1,0,0,0.0,0.0,1.0
9738,9738,2,0,0,0.0,0.0,0.9999999999999999
9738,9738,3,0,0,0.0,0.0,1.0
9738,9738,4,0,0,0.0,0.0,0.9999999999999999
9738,9738,5,0,0,0.0,0.0,0.9999999999999998
9738,9738,6,0,0,0.0,0.0,0.9999999999999998
9738,9738,7,0,0,0.0,0.0,1.0
9738,9738,8,0,0,0.0,0.0,1.0
9738,9738,9,0,0,0.0,0.0,1.0
9738,9738,10,0,0,0.0,0.0,1.0
9738,9738,11,0,0,0.0,0.0,1.0
9962,9962,0,0,0,0.0,0.0,1.0
9962,9962,1,0,0,0.0,0.0,1.0
9962,9962,2,0,0,0.0,0.0,1.0
9962,9962,3,0,0,0.0,0.0,1.0
9962,9962,4,0,0,0.0,0.0,1.0
9962,9962,5,0,0,0.0,0.0,1.0
9962,9962,6,0,0,0.0,0.0,1.0
9962,9962,7,0,0,0.0,0.0,1.0
9962,9962,8,0,0,0.0,0.0,1.0
9962,9962,9,0,0,0.0,0.0,1.0
9962,9962,10,0,0,0.0,0.0,1.0
9962,9962,11,0,0,0.0,0.0,1.0
10084,10084,0,0,0,0.0,0.0,1.0
10084,10084,1,0,0,0.0,0.0,0.9999999999999999
10084,10084,2,0,0,0.0,0.0,0.9999999999999999
10084,10084,3,0,0,0.0,0.0,1.0
10084,10084,4,0,0,0.0,0.0,1.0
10084,10084,5,0,0,0.0,0.0,1.0
10084,10084,6,0,0,0.0,0.0,1.0
10084,10084,7,0,0,0.0,0.0,1.0
10084,10084,8,0,0,0.0,0.0,1.0
10084,10084,9,0,0,0.0,0.0,1.0
10084,10084,10,0,0,0.0,0.0,1.0
10084,10084,11,0,0,0.0,0.0,0.9999999999999999
11307,11307,0,0,0,0.0,0.0,0.9999999999999999
11307,11307,1,0,0,0.0,0.0,1.0
11307,11307,2,0,0,0.0,0.0,1.0
11307,11307,3,0,0,0.0,0.0,1.0
11307,11307,4,0,0,0.0,0.0,1.0
11307,11307,5,0,0,0.0,0.0,1.0
11307,11307,6,0,0,0.0,0.0,1.0
11307,11307,7,0,0,0.0,0.0,1.0
11307,11307,8,0,0,0.0,0.0,0.9999999999999999
11307,11307,9,0,0,0.0,0.0,0.9999999999999998
11307,11307,10,0,0,0.0,0.0,1.0
11307,11307,11,0,0,0.0,0.0,1.0
12718,12718,0,0,0,0.0,0.0,1.0
12718,12718,1,0,0,0.0,0.0,1.0
12718,12718,2,0,0,0.0,0.0,0.9999999999999999
12718,12718,3,0,0,0.0,0.0,1.0
12718,12718,4,0,0,0.0,0.0,1.0
12718,12718,5,0,0,0.0,0.0,1.0
12718,12718,6,0,0,0.0,0.0,1.0
12718,12718,7,0,0,0.0,0.0,1.0
12718,12718,8,0,0,0.0,0.0,1.0
12718,12718,9,0,0,0.0,0.0,1.0
12718,12718,10,0,0,0.0,0.0,1.0
12718,12718,11,0,0,0.0,0.0,1.0
14263,14263,0,0,0,0.0,0.0,0.9999999999999999
14263,14263,1,0,0,0.0,0.0,1.0
14263,14263,2,0,0,0.0,0.0,1.0
14263,14263,3,0,0,0.0,0.0,1.0
14263,14263,4,0,0,0.0,0.0,1.0
14263,14263,5,0,0,0.0,0.0,1.0
14263,14263,6,0,0,0.0,0.0,1.0
14263,14263,7,0,0,0.0,0.0,1.0
14263,14263,8,0,0,0.0,0.0,1.0
14263,14263,9,0,0,0.0,0.0,1.0
14263,14263,10,0,0,0.0,0.0,1.0
14263,14263,11,0,0,0.0,0.0,1.0
15533,15533,0,0,0,0.0,0.0,1.0
15533,15533,1,0,0,0.0,0.0,1.0
15533,15533,2,0,0,0.0,0.0,1.0
15533,15533,3,0,0,0.0,0.0,1.0
15533,15533,4,0,0,0.0,0.0,0.9999999999999999
15533,15533,5,0,0,0.0,0.0,1.0
15533,15533,6,0,0,0.0,0.0,1.0
15533,15533,7,0,0,0.0,0.0,1.0
15533,15533,8,0,0,0.0,0.0,1.0
15533,15533,9,0,0,0.0,0.0,1.0
15533,15533,10,0,0,0.0,0.0,0.9999999999999999
15533,15533,11,0,0,0.0,0.0,1.0
16312,16312,0,0,0,0.0,0.0,0.9999999999999999
16312,16312,1,0,0,0.0,0.0,1.0
16312,16312,2,0,0,0.0,0.0,1.0
16312,16312,3,0,0,0.0,0.0,0.9999999999999998
16312,16312,4,0,0,0.0,0.0,1.0
16312,16312,5,0,0,0.0,0.0,1.0
16312,16312,6,0,0,0.0,0.0,0.9999999999999998
16312,16312,7,0,0,0.0,0.0,1.0
16312,16312,8,0,0,0.0,0.0,1.0
16312,16312,9,0,0,0.0,0.0,1.0
16312,16312,10,0,0,0.0,0.0,1.0
16312,16312,11,0,0,0.0,0.0,0.9999999999999999
16783,16783,0,0,0,0.0,0.0,0.9999999999999999
16783,16783,1,0,0,0.0,0.0,1.0
16783,16783,2,0,0,0.0,0.0,1.0
16783,16783,3,0,0,0.0,0.0,0.9999999999999998
16783,16783,4,0,0,0.0,0.0,1.0
16783,16783,5,0,0,0.0,0.0,0.9999999999999999
16783,16783,6,0,0,0.0,0.0,1.0
16783,16783,7,0,0,0.0,0.0,1.0
16783,16783,8,0,0,0.0,0.0,1.0
16783,16783,9,0,0,0.0,0.0,1.0
16783,16783,10,0,0,0.0,0.0,1.0
16783,16783,11,0,0,0.0,0.0,1.0
17259,17259,0,0,0,0.0,0.0,1.0
17259,17259,1,0,0,0.0,0.0,1.0
17259,17259,2,0,0,0.0,0.0,0.9999999999999999
17259,17259,3,0,0,0.0,0.0,1.0
17259,17259,4,0,0,0.0,0.0,0.9999999999999999
17259,17259,5,0,0,0.0,0.0,1.0
17259,17259,6,0,0,0.0,0.0,1.0
17259,17259,7,0,0,0.0,0.0,1.0
17259,17259,8,0,0,0.0,0.0,1.0
17259,17259,9,0,0,0.0,0.0,1.0
17259,17259,10,0,0,0.0,0.0,1.0
17259,17259,11,0,0,0.0,0.0,1.0
19100,19100,0,0,0,0.0,0.0,1.0
19100,19100,1,0,0,0.0,0.0,0.9999999999999999
19100,19100,2,0,0,0.0,0.0,1.0
19100,19100,3,0,0,0.0,0.0,1.0
19100,19100,4,0,0,0.0,0.0,0.9999999999999999
19100,19100,5,0,0,0.0,0.0,1.0
19100,19100,6,0,0,0.0,0.0,1.0
19100,19100,7,0,0,0.0,0.0,0.9999999999999999
19100,19100,8,0,0,0.0,0.0,0.9999999999999999
19100,19100,9,0,0,0.0,0.0,1.0
19100,19100,10,0,0,0.0,0.0,0.9999999999999999
19100,19100,11,0,0,0.0,0.0,1.0
19179,19179,0,0,0,0.0,0.0,1.0
19179,19179,1,0,0,0.0,0.0,1.0
19179,19179,2,0,0,0.0,0.0,0.9999999999999998
19179,19179,3,0,0,0.0,0.0,0.9999999999999999
19179,19179,4,0,0,0.0,0.0,0.9999999999999999
19179,19179,5,0,0,0.0,0.0,1.0
19179,19179,6,0,0,0.0,0.0,1.0
19179,19179,7,0,0,0.0,0.0,1.0
19179,19179,8,0,0,0.0,0.0,0.9999999999999999
19179,19179,9,0,0,0.0,0.0,1.0
19179,19179,10,0,0,0.0,0.0,1.0
19179,19179,11,0,0,0.0,0.0,1.0
20959,20959,0,0,0,0.0,0.0,1.0
20959,20959,1,0,0,0.0,0.0,1.0
20959,20959,2,0,0,0.0,0.0,1.0
20959,20959,3,0,0,0.0,0.0,1.0
20959,20959,4,0,0,0.0,0.0,1.0
20959,20959,5,0,0,0.0,0.0,1.0
20959,20959,6,0,0,0.0,0.0,1.0
20959,20959,7,0,0,0.0,0.0,1.0
20959,20959,8,0,0,0.0,0.0,1.0
20959,20959,9,0,0,0.0,0.0,1.0
20959,20959,10,0,0,0.0,0.0,1.0
20959,20959,11,0,0,0.0,0.0,1.0
658,658,0,0,0,0.0,0.0,1.0
658,658,1,0,0,0.0,0.0,1.0
658,658,2,0,0,0.0,0.0,1.0
658,658,3,0,0,0.0,0.0,1.0
658,658,4,0,0,0.0,0.0,1.0
658,658,5,0,0,0.0,0.0,0.9999999999999999
658,658,6,0,0,0.0,0.0,1.0
658,658,7,0,0,0.0,0.0,1.0
658,658,8,0,0,0.0,0.0,0.9999999999999998
658,658,9,0,0,0.0,0.0,1.0
658,658,10,0,0,0.0,0.0,1.0
658,658,11,0,0,0.0,0.0,1.0
2473,2473,0,0,0,0.0,0.0,0.9999999999999998
2473,2473,1,0,0,0.0,0.0,1.0
2473,2473,2,0,0,0.0,0.0,1.0
2473,2473,3,0,0,0.0,0.0,0.9999999999999998
2473,2473,4,0,0,0.0,0.0,1.0
2473,2473,5,0,0,0.0,0.0,0.9999999999999998
2473,2473,6,0,0,0.0,0.0,0.9999999999999999
2473,2473,7,0,0,0.0,0.0,0.9999999999999999
2473,2473,8,0,0,0.0,0.0,1.0
2473,2473,9,0,0,0.0,0.0,1.0
2473,2473,10,0,0,0.0,0.0,0.9999999999999999
2473,2473,11,0,0,0.0,0.0,0.9999999999999998
2510,2510,0,0,0,0.0,0.0,0.9999999999999999
2510,2510,1,0,0,0.0,0.0,1.0
2510,2510,2,0,0,0.0,0.0,1.0
2510,2510,3,0,0,0.0,0.0,1.0
2510,2510,4,0,0,0.0,0.0,1.0
2510,2510,5,0,0,0.0,0.0,1.0
2510,2510,6,0,0,0.0,0.0,1.0
2510,2510,7,0,0,0.0,0.0,1.0
2510,2510,8,0,0,0.0,0.0,1.0
2510,2510,9,0,0,0.0,0.0,1.0
2510,2510,10,0,0,0.0,0.0,1.0
2510,2510,11,0,0,0.0,0.0,0.9999999999999999
5946,5946,0,0,0,0.0,0.0,1.0
5946,5946,1,0,0,0.0,0.0,1.0
5946,5946,2,0,0,0.0,0.0,1.0
5946,5946,3,0,0,0.0,0.0,1.0
5946,5946,4,0,0,0.0,0.0,1.0
5946,5946,5,0,0,0.0,0.0,1.0
5946,5946,6,0,0,0.0,0.0,1.0
5946,5946,7,0,0,0.0,0.0,0.9999999999999998
5946,5946,8,0,0,0.0,0.0,1.0
5946,5946,9,0,0,0.0,0.0,1.0
5946,5946,10,0,0,0.0,0.0,1.0
5946,5946,11,0,0,0.0,0.0,1.0
8267,8267,0,0,0,0.0,0.0,1.0
8267,8267,1,0,0,0.0,0.0,0.9999999999999998
8267,8267,2,0,0,0.0,0.0,1.0
8267,8267,3,0,0,0.0,0.0,1.0
8267,8267,4,0,0,0.0,0.0,1.0
8267,8267,5,0,0,0.0,0.0,1.0
8267,8267,6,0,0,0.0,0.0,1.0
8267,8267,7,0,0,0.0,0.0,0.9999999999999999
8267,8267,8,0,0,0.0,0.0,1.0
8267,8267,9,0,0,0.0,0.0,1.0
8267,8267,10,0,0,0.0,0.0,0.9999999999999998
8267,8267,11,0,0,0.0,0.0,1.0
10017,10017,0,0,0,0.0,0.0,1.0
10017,10017,1,0,0,0.0,0.0,1.0
10017,10017,2,0,0,0.0,0.0,0.9999999999999999
10017,10017,3,0,0,0.0,0.0,0.9999999999999999
10017,10017,4,0,0,0.0,0.0,1.0
10017,10017,5,0,0,0.0,0.0,1.0
10017,10017,6,0,0,0.0,0.0,1.0
10017,10017,7,0,0,0.0,0.0,1.0
10017,10017,8,0,0,0.0,0.0,1.0
10017,10017,9,0,0,0.0,0.0,1.0
10017,10017,10,0,0,0.0,0.0,1.0
10017,10017,11,0,0,0.0,0.0,0.9999999999999998
12849,12849,0,0,0,0.0,0.0,1.0
12849,12849,1,0,0,0.0,0.0,0.9999999999999999
12849,12849,2,0,0,0.0,0.0,1.0
12849,12849,3,0,0,0.0,0.0,1.0
12849,12849,4,0,0,0.0,0.0,1.0
12849,12849,5,0,0,0.0,0.0,1.0
12849,12849,6,0,0,0.0,0.0,1.0
12849,12849,7,0,0,0.0,0.0,1.0
12849,12849,8,0,0,0.0,0.0,1.0
12849,12849,9,0,0,0.0,0.0,1.0
12849,12849,10,0,0,0.0,0.0,1.0
12849,12849,11,0,0,0.0,0.0,0.9999999999999998
15838,15838,0,0,0,0.0,0.0,1.0
15838,15838,1,0,0,0.0,0.0,1.0
15838,15838,2,0,0,0.0,0.0,1.0
15838,15838,3,0,0,0.0,0.0,1.0
15838,15838,4,0,0,0.0,0.0,1.0
15838,15838,5,0,0,0.0,0.0,0.9999999999999998
15838,15838,6,0,0,0.0,0.0,1.0
15838,15838,7,0,0,0.0,0.0,1.0
15838,15838,8,0,0,0.0,0.0,0.9999999999999999
15838,15838,9,0,0,0.0,0.0,0.9999999999999998
15838,15838,10,0,0,0.0,0.0,0.9999999999999999
15838,15838,11,0,0,0.0,0.0,1.0
12722,12722,0,0,0,0.0,0.0,1.0
12722,12722,1,0,0,0.0,0.0,0.9999999999999998
12722,12722,2,0,0,0.0,0.0,1.0
12722,12722,3,0,0,0.0,0.0,0.9999999999999999
12722,12722,4,0,0,0.0,0.0,1.0
12722,12722,5,0,0,0.0,0.0,0.9999999999999998
12722,12722,6,0,0,0.0,0.0,1.0
12722,12722,7,0,0,0.0,0.0,1.0
12722,12722,8,0,0,0.0,0.0,0.9999999999999999
12722,12722,9,0,0,0.0,0.0,1.0
12722,12722,10,0,0,0.0,0.0,
12722,12722,11,0,0,0.0,0.0,1.0
137,138,0,0,0,0.0,0.0,1.0
137,138,1,0,0,0.0,0.0,0.9999999999999999
137,138,2,0,0,0.0,0.0,1.0
137,138,3,0,0,0.0,0.0,1.0
137,138,4,0,0,0.0,0.0,0.9999999999999999
137,138,5,0,0,0.0,0.0,1.0
137,138,6,0,0,0.0,0.0,1.0
137,138,7,0,0,0.0,0.0,1.0
137,138,8,0,0,0.0,0.0,1.0
137,138,9,0,0,0.0,0.0,1.0
137,138,10,0,0,0.0,0.0,1.0
137,138,11,0,0,0.0,0.0,0.9999999999999999
139,7781,0,0,0,0.0,0.0,1.0
139,7781,1,0,0,0.0,0.0,1.0
139,7781,2,0,0,0.0,0.0,1.0
139,7781,3,0,0,0.0,0.0,1.0
139,7781,4,0,0,0.0,0.0,1.0
139,7781,5,0,0,0.0,0.0,1.0
139,7781,6,0,0,0.0,0.0,1.0
139,7781,7,0,0,0.0,0.0,1.0
139,7781,8,0,0,0.0,0.0,1.0
139,7781,9,0,0,0.0,0.0,1.0
139,7781,10,0,0,0.0,0.0,1.0
139,7781,11,0,0,0.0,0.0,1.0
140,1370,0,0,0,0.0,0.0,1.0
140,1370,1,0,0,0.0,0.0,0.9999999999999998
140,1370,2,0,0,0.0,0.0,0.9999999999999999
140,1370,3,0,0,0.0,0.0,1.0
140,1370,4,0,0,0.0,0.0,1.0
140,1370,5,0,0,0.0,0.0,1.0
140,1370,6,0,0,0.0,0.0,0.9999999999999998
140,1370,7,0,0,0.0,0.0,1.0
140,1370,8,0,0,0.0,0.0,0.9999999999999998
140,1370,9,0,0,0.0,0.0,1.0
140,1370,10,0,0,0.0,0.0,0.9999999999999998
140,1370,11,0,0,0.0,0.0,1.0
141,2509,0,0,0,0.0,0.0,0.9999999999999999
141,2509,1,0,0,0.0,0.0,1.0
141,2509,2,0,0,0.0,0.0,1.0
141,2509,3,0,0,0.0,0.0,0.9999999999999998
141,2509,4,0,0,0.0,0.0,1.0
141,2509,5,0,0,0.0,0.0,1.0
141,2509,6,0,0,0.0,0.0,0.9999999999999998
141,2509,7,0,0,0.0,0.0,1.0
141,2509,8,0,0,0.0,0.0,1.0
141,2509,9,0,0,0.0,0.0,0.9999999999999998
141,2509,10,0,0,0.0,0.0,1.0
141,2509,11,0,0,0.0,0.0,0.9999999999999998
142,13803,0,0,0,0.0,0.0,1.0
142,13803,1,0,0,0.0,0.0,1.0
142,13803,2,0,0,0.0,0.0,1.0
142,13803,3,0,0,0.0,0.0,0.9999999999999998
142,13803,4,0,0,0.0,0.0,1.0
142,13803,5,0,0,0.0,0.0,1.0
142,13803,6,0,0,0.0,0.0,1.0
142,13803,7,0,0,0.0,0.0,1.0
142,13803,8,0,0,0.0,0.0,1.0
142,13803,9,0,0,0.0,0.0,1.0
142,13803,10,0,0,0.0,0.0,0.9999999999999999
142,13803,11,0,0,0.0,0.0,1.0
143,144,0,0,0,0.0,0.0,0.9999999999999999
143,144,1,0,0,0.0,0.0,1.0
143,144,2,0,0,0.0,0.0,1.0
143,144,3,0,0,0.0,0.0,0.9999999999999999
143,144,4,0,0,0.0,0.0,0.9999999999999998
143,144,5,0,0,0.0,0.0,1.0
143,144,6,0,0,0.0,0.0,1.0
143,144,7,0,0,0.0,0.0,0.9999999999999998
143,144,8,0,0,0.0,0.0,0.9999999999999999
143,144,9,0,0,0.0,0.0,0.9999999999999998
143,144,10,0,0,0.0,0.0,1.0
143,144,11,0,0,0.0,0.0,1.0
145,463,0,0,0,0.0,0.0,1.0
145,463,1,0,0,0.0,0.0,1.0
145,463,2,0,0,0.0,0.0,1.0
145,463,3,0,0,0.0,0.0,0.9999999999999999
145,463,4,0,0,0.0,0.0,0.9999999999999998
145,463,5,0,0,0.0,0.0,1.0
145,463,6,0,0,0.0,0.0,0.9999999999999999
145,463,7,0,0,0.0,0.0,1.0
145,463,8,0,0,0.0,0.0,1.0
145,463,9,0,0,0.0,0.0,1.0
145,463,10,0,0,0.0,0.0,1.0
145,463,11,0,0,0.0,0.0,1.0
456,457,0,0,0,0.0,0.0,1.0
456,457,1,0,0,0.0,0.0,1.0
456,457,2,0,0,0.0,0.0,0.9999999999999999
456,457,3,0,0,0.0,0.0,1.0
456,457,4,0,0,0.0,0.0,1.0
456,457,5,0,0,0.0,0.0,1.0
456,457,6,0,0,0.0,0.0,1.0
456,457,7,0,0,0.0,0.0,1.0
456,457,8,0,0,0.0,0.0,1.0
456,457,9,0,0,0.0,0.0,1.0
456,457,10,0,0,0.0,0.0,1.0
456,457,11,0,0,0.0,0.0,0.9999999999999999
458,3797,0,0,0,0.0,0.0,0.9999999999999998
458,3797,1,0,0,0.0,0.0,1.0
458,3797,2,0,0,0.0,0.0,1.0
458,3797,3,0,0,0.0,0.0,1.0
458,3797,4,0,0,0.0,0.0,1.0
458,3797,5,0,0,0.0,0.0,0.9999999999999999
458,3797,6,0,0,0.0,0.0,1.0
458,3797,7,0,0,0.0,0.0,1.0
458,3797,8,0,0,0.0,0.0,1.0
458,3797,9,0,0,0.0,0.0,1.0
458,3797,10,0,0,0.0,0.0,1.0
458,3797,11,0,0,0.0,0.0,1.0
459,460,0,0,0,0.0,0.0,1.0
459,460,1,0,0,0.0,0.0,1.0
459,460,2,0,0,0.0,0.0,1.0
459,460,3,0,0,0.0,0.0,1.0
459,460,4,0,0,0.0,0.0,1.0
459,460,5,0,0,0.0,0.0,1.0
459,460,6,0,0,0.0,0.0,0.9999999999999999
459,460,7,0,0,0.0,0.0,1.0
459,460,8,0,0,0.0,0.0,1.0
459,460,9,0,0,0.0,0.0,1.0
459,460,10,0,0,0.0,0.0,0.9999999999999999
459,460,11,0,0,0.0,0.0,0.9999999999999998
461,9823,0,0,0,0.0,0.0,1.0
461,9823,1,0,0,0.0,0.0,0.9999999999999999
461,9823,2,0,0,0.0,0.0,1.0
461,9823,3,0,0,0.0,0.0,0.9999999999999998
461,9823,4,0,0,0.0,0.0,0.9999999999999999
461,9823,5,0,0,0.0,0.0,1.0
461,9823,6,0,0,0.0,0.0,1.0
461,9823,7,0,0,0.0,0.0,1.0
461,9823,8,0,0,0.0,0.0,1.0
461,9823,9,0,0,0.0,0.0,0.9999999999999998
461,9823,10,0,0,0.0,0.0,1.0
461,9823,11,0,0,0.0,0.0,1.0
462,13802,0,0,0,0.0,0.0,1.0
462,13802,1,0,0,0.0,0.0,1.0
462,13802,2,0,0,0.0,0.0,1.0
462,13802,3,0,0,0.0,0.0,0.9999999999999998
462,13802,4,0,0,0.0,0.0,1.0
462,13802,5,0,0,0.0,0.0,1.0
462,13802,6,0,0,0.0,0.0,1.0
462,13802,7,0,0,0.0,0.0,1.0
462,13802,8,0,0,0.0,0.0,1.0
462,13802,9,0,0,0.0,0.0,1.0
462,13802,10,0,0,0.0,0.0,1.0
462,13802,11,0,0,0.0,0.0,1.0
2506,2507,0,0,0,0.0,0.0,1.0
2506,2507,1,0,0,0.0,0.0,0.9999999999999998
2506,2507,2,0,0,0.0,0.0,1.0
2506,2507,3,0,0,0.0,0.0,1.0
2506,2507,4,0,0,0.0,0.0,1.0
2506,2507,5,0,0,0.0,0.0,0.9999999999999998
2506,2507,6,0,0,0.0,0.0,1.0
2506,2507,7,0,0,0.0,0.0,0.9999999999999998
2506,2507,8,0,0,0.0,0.0,0.9999999999999998
2506,2507,9,0,0,0.0,0.0,0.9999999999999999
2506,2507,10,0,0,0.0,0.0,1.0
2506,2507,11,0,0,0.0,0.0,1.0
2511,7784,0,0,0,0.0,0.0,0.9999999999999999
2511,7784,1,0,0,0.0,0.0,0.9999999999999999
2511,7784,2,0,0,0.0,0.0,1.0
2511,7784,3,0,0,0.0,0.0,1.0
2511,7784,4,0,0,0.0,0.0,1.0
2511,7784,5,0,0,0.0,0.0,1.0
2511,7784,6,0,0,0.0,0.0,1.0
2511,7784,7,0,0,0.0,0.0,1.0
2511,7784,8,0,0,0.0,0.0,0.9999999999999998
2511,7784,9,0,0,0.0,0.0,1.0
2511,7784,10,0,0,0.0,0.0,0.9999999999999998
2511,7784,11,0,0,0.0,0.0,1.0
3795,3796,0,0,0,0.0,0.0,1.0
3795,3796,1,0,0,0.0,0.0,1.0
3795,3796,2,0,0,0.0,0.0,0.9999999999999998
3795,3796,3,0,0,0.0,0.0,1.0
3795,3796,4,0,0,0.0,0.0,0.9999999999999999
3795,3796,5,0,0,0.0,0.0,0.9999999999999999
3795,3796,6,0,0,0.0,0.0,0.9999999999999998
3795,3796,7,0,0,0.0,0.0,0.9999999999999999
3795,3796,8,0,0,0.0,0.0,1.0
3795,3796,9,0,0,0.0,0.0,1.0
3795,3796,10,0,0,0.0,0.0,1.0
3795,3796,11,0,0,0.0,0.0,1.0
3798,3799,0,0,0,0.0,0.0,0.9999999999999999
3798,3799,1,0,0,0.0,0.0,0.9999999999999999
3798,3799,2,0,0,0.0,0.0,0.9999999999999999
3798,3799,3,0,0,0.0,0.0,1.0
3798,3799,4,0,0,0.0,0.0,0.9999999999999999
3798,3799,5,0,0,0.0,0.0,1.0
3798,3799,6,0,0,0.0,0.0,1.0
3798,3799,7,0,0,0.0,0.0,1.0
3798,3799,8,0,0,0.0,0.0,1.0
3798,3799,9,0,0,0.0,0.0,0.9999999999999998
3798,3799,10,0,0,0.0,0.0,1.0
3798,3799,11,0,0,0.0,0.0,1.0
3800,3802,0,0,0,0.0,0.0,1.0
3800,3802,1,0,0,0.0,0.0,1.0
3800,3802,2,0,0,0.0,0.0,1.0
3800,3802,3,0,0,0.0,0.0,1.0
3800,3802,4,0,0,0.0,0.0,1.0
3800,3802,5,0,0,0.0,0.0,1.0
3800,3802,6,0,0,0.0,0.0,1.0
3800,3802,7,0,0,0.0,0.0,1.0
3800,3802,8,0,0,0.0,0.0,0.9999999999999999
3800,3802,9,0,0,0.0,0.0,1.0
3800,3802,10,0,0,0.0,0.0,1.0
3800,3802,11,0,0,0.0,0.0,0.9999999999999998
3801,3802,0,0,0,0.0,0.0,1.0
3801,3802,1,0,0,0.0,0.0,1.0
3801,3802,2,0,0,0.0,0.0,1.0
3801,3802,3,0,0,0.0,0.0,1.0
3801,3802,4,0,0,0.0,0.0,1.0
3801,3802,5,0,0,0.0,0.0,1.0
3801,3802,6,0,0,0.0,0.0,1.0
3801,3802,7,0,0,0.0,0.0,1.0
3801,3802,8,0,0,0.0,0.0,0.9999999999999999
3801,3802,9,0,0,0.0,0.0,1.0
3801,3802,10,0,0,0.0,0.0,1.0
3801,3802,11,0,0,0.0,0.0,0.9999999999999998
3832,15768,0,4581,57,-4.1192,8.496222181652266,0.9971690715680891
3832,15768,1,2415,43,1.7176,6.847061431008195,0.9942225542914395
3832,15768,2,4773,62,5.8334,5.508978529636869,0.9986820308644838
3832,15768,3,4741,41,1.201,7.2110886140720805,0.9952854438253664
3832,15768,4,4744,58,-4.9902,6.27414567570757,0.9982331818485871
3832,15768,5,4683,40,3.7656,4.545179494805458,0.9977352846923099
3832,15768,6,2230,55,1.6954,5.625461655722132,0.9987814459634333
3832,15768,7,4577,55,2.9178,14.835519645769068,0.9987572361191424
3832,15768,8,1851,30,0.9666,4.678705423511936,0.9997440470581528
3832,15768,9,2458,39,1.4364,5.117612240097915,0.9997104134999106
3832,15768,10,4362,41,-3.9738,5.298368952800475,0.9997942574994126
3832,15768,11,2408,32,1.7274,5.194601932775985,0.9998377634400323
5817,9824,0,0,0,0.0,0.0,0.9999999999999998
5817,9824,1,0,0,0.0,0.0,1.0
5817,9824,2,0,0,0.0,0.0,0.9999999999999999
5817,9824,3,0,0,0.0,0.0,1.0
5817,9824,4,0,0,0.0,0.0,0.9999999999999998
5817,9824,5,0,0,0.0,0.0,1.0
5817,9824,6,0,0,0.0,0.0,1.0
5817,9824,7,0,0,0.0,0.0,1.0
5817,9824,8,0,0,0.0,0.0,1.0
5817,9824,9,0,0,0.0,0.0,1.0
5817,9824,10,0,0,0.0,0.0,0.9999999999999999
5817,9824,11,0,0,0.0,0.0,0.9999999999999999
7777,7778,0,0,0,0.0,0.0,0.9999999999999999
7777,7778,1,0,0,0.0,0.0,1.0
7777,7778,2,0,0,0.0,0.0,1.0
7777,7778,3,0,0,0.0,0.0,1.0
7777,7778,4,0,0,0.0,0.0,1.0
7777,7778,5,0,0,0.0,0.0,1.0
7777,7778,6,0,0,0.0,0.0,0.9999999999999999
7777,7778,7,0,0,0.0,0.0,1.0
7777,7778,8,0,0,0.0,0.0,1.0
7777,7778,9,0,0,0.0,0.0,1.0
7777,7778,10,0,0,0.0,0.0,1.0
7777,7778,11,0,0,0.0,0.0,0.9999999999999998
7779,7780,0,0,0,0.0,0.0,1.0
7779,7780,1,0,0,0.0,0.0,0.9999999999999998
7779,7780,2,0,0,0.0,0.0,1.0
7779,7780,3,0,0,0.0,0.0,1.0
7779,7780,4,0,0,0.0,0.0,1.0
7779,7780,5,0,0,0.0,0.0,1.0
7779,7780,6,0,0,0.0,0.0,1.0
7779,7780,7,0,0,0.0,0.0,1.0
7779,7780,8,0,0,0.0,0.0,0.9999999999999999
7779,7780,9,0,0,0.0,0.0,1.0
7779,7780,10,0,0,0.0,0.0,1.0
7779,7780,11,0,0,0.0,0.0,0.9999999999999998
7782,7783,0,0,0,0.0,0.0,1.0
7782,7783,1,0,0,0.0,0.0,1.0
7782,7783,2,0,0,0.0,0.0,1.0
7782,7783,3,0,0,0.0,0.0,1.0
7782,7783,4,0,0,0.0,0.0,1.0
7782,7783,5,0,0,0.0,0.0,0.9999999999999999
7782,7783,6,0,0,0.0,0.0,0.9999999999999999
7782,7783,7,0,0,0.0,0.0,1.0
7782,7783,8,0,0,0.0,0.0,0.9999999999999998
7782,7783,9,0,0,0.0,0.0,0.9999999999999998
7782,7783,10,0,0,0.0,0.0,1.0
7782,7783,11,0,0,0.0,0.0,1.0
9821,9822,0,0,0,0.0,0.0,1.0
9821,9822,1,0,0,0.0,0.0,0.9999999999999998
9821,9822,2,0,0,0.0,0.0,1.0
9821,9822,3,0,0,0.0,0.0,0.9999999999999998
9821,9822,4,0,0,0.0,0.0,1.0
9821,9822,5,0,0,0.0,0.0,1.0
9821,9822,6,0,0,0.0,0.0,1.0
9821,9822,7,0,0,0.0,0.0,1.0
9821,9822,8,0,0,0.0,0.0,1.0
9821,9822,9,0,0,0.0,0.0,1.0
9821,9822,10,0,0,0.0,0.0,1.0
9821,9822,11,0,0,0.0,0.0,0.9999999999999998
9825,11813,0,0,0,0.0,0.0,1.0
9825,11813,1,0,0,0.0,0.0,1.0
9825,11813,2,0,0,0.0,0.0,1.0
9825,11813,3,0,0,0.0,0.0,1.0
9825,11813,4,0,0,0.0,0.0,1.0
9825,11813,5,0,0,0.0,0.0,1.0
9825,11813,6,0,0,0.0,0.0,1.0
9825,11813,7,0,0,0.0,0.0,1.0
9825,11813,8,0,0,0.0,0.0,1.0
9825,11813,9,0,0,0.0,0.0,1.0
9825,11813,10,0,0,0.0,0.0,1.0
9825,11813,11,0,0,0.0,0.0,0.9999999999999998
9888,9889,0,0,0,0.0,0.0,1.0
9888,9889,1,0,0,0.0,0.0,1.0
9888,9889,2,0,0,0.0,0.0,1.0
9888,9889,3,0,0,0.0,0.0,1.0
9888,9889,4,0,0,0.0,0.0,1.0
9888,9889,5,0,0,0.0,0.0,0.9999999999999998
9888,9889,6,0,0,0.0,0.0,1.0
9888,9889,7,0,0,0.0,0.0,0.9999999999999999
9888,9889,8,0,0,0.0,0.0,1.0
9888,9889,9,0,0,0.0,0.0,1.0
9888,9889,10,0,0,0.0,0.0,1.0
9888,9889,11,0,0,0.0,0.0,1.0
11810,15741,0,0,0,0.0,0.0,1.0
11810,15741,1,0,0,0.0,0.0,1.0
11810,15741,2,0,0,0.0,0.0,0.9999999999999998
11810,15741,3,0,0,0.0,0.0,1.0
11810,15741,4,0,0,0.0,0.0,0.9999999999999999
11810,15741,5,0,0,0.0,0.0,1.0
11810,15741,6,0,0,0.0,0.0,1.0
11810,15741,7,0,0,0.0,0.0,1.0
11810,15741,8,0,0,0.0,0.0,1.0
11810,15741,9,0,0,0.0,0.0,1.0
11810,15741,10,0,0,0.0,0.0,1.0
11810,15741,11,0,0,0.0,0.0,1.0
11814,11816,0,0,0,0.0,0.0,0.9999999999999998
11814,11816,1,0,0,0.0,0.0,1.0
11814,11816,2,0,0,0.0,0.0,1.0
11814,11816,3,0,0,0.0,0.0,0.9999999999999999
11814,11816,4,0,0,0.0,0.0,1.0
11814,11816,5,0,0,0.0,0.0,1.0
11814,11816,6,0,0,0.0,0.0,1.0
11814,11816,7,0,0,0.0,0.0,0.9999999999999998
11814,11816,8,0,0,0.0,0.0,1.0
11814,11816,9,0,0,0.0,0.0,1.0
11814,11816,10,0,0,0.0,0.0,1.0
11814,11816,11,0,0,0.0,0.0,0.9999999999999999
11815,11816,0,0,0,0.0,0.0,0.9999999999999998
11815,11816,1,0,0,0.0,0.0,1.0
11815,11816,2,0,0,0.0,0.0,1.0
11815,11816,3,0,0,0.0,0.0,0.9999999999999999
11815,11816,4,0,0,0.0,0.0,1.0
11815,11816,5,0,0,0.0,0.0,1.0
11815,11816,6,0,0,0.0,0.0,1.0
11815,11816,7,0,0,0.0,0.0,0.9999999999999998
11815,11816,8,0,0,0.0,0.0,1.0
11815,11816,9,0,0,0.0,0.0,1.0
11815,11816,10,0,0,0.0,0.0,1.0
11815,11816,11,0,0,0.0,0.0,0.9999999999999999
11817,146,0,0,0,0.0,0.0,1.0
11817,146,1,0,0,0.0,0.0,1.0
11817,146,2,0,0,0.0,0.0,1.0
11817,146,3,0,0,0.0,0.0,1.0
11817,146,4,0,0,0.0,0.0,1.0
11817,146,5,0,0,0.0,0.0,1.0
11817,146,6,0,0,0.0,0.0,1.0
11817,146,7,0,0,0.0,0.0,1.0
11817,146,8,0,0,0.0,0.0,1.0
11817,146,9,0,0,0.0,0.0,1.0
11817,146,10,0,0,0.0,0.0,1.0
11817,146,11,0,0,0.0,0.0,0.9999999999999998
11838,11839,0,2114,70,-0.9848,7.402092201533294,0.9972560118837517
11838,11839,1,1403,70,-1.3656,6.66485833607887,0.9994049596504816
11838,11839,2,1149,61,-0.3776,4.027383547664662,0.9994751692106923
11838,11839,3,2067,70,1.1676,6.758809824222014,0.9988413357381463
11838,11839,4,2046,61,-0.2918,4.946984208586076,0.9965256998037902
11838,11839,5,1995,35,-0.8742,4.084651069552943,0.9996519849659907
11838,11839,6,1301,40,-0.7288,3.4866675436582706,0.9997476302631737
11838,11839,7,1270,39,-0.5092,4.132156260356087,0.9998799741974029
11838,11839,8,1087,46,-0.2498,4.099487768002241,0.9998962694359995
11838,11839,9,1191,54,-0.9632,4.531384530140871,0.999881951037755
11838,11839,10,838,44,-0.7364,3.944174823711545,0.9999268077586598
11838,11839,11,4780,43,4.679,4.0998486557432825,0.9998781305411529
13791,13792,0,0,0,0.0,0.0,1.0
13791,13792,1,0,0,0.0,0.0,1.0
13791,13792,2,0,0,0.0,0.0,0.9999999999999998
13791,13792,3,0,0,0.0,0.0,1.0
13791,13792,4,0,0,0.0,0.0,0.9999999999999998
13791,13792,5,0,0,0.0,0.0,1.0
13791,13792,6,0,0,0.0,0.0,1.0
13791,13792,7,0,0,0.0,0.0,0.9999999999999998
13791,13792,8,0,0,0.0,0.0,1.0
13791,13792,9,0,0,0.0,0.0,0.9999999999999998
13791,13792,10,0,0,0.0,0.0,0.9999999999999998
13791,13792,11,0,0,0.0,0.0,1.0
13793,13794,0,0,0,0.0,0.0,1.0
13793,13794,1,0,0,0.0,0.0,1.0
13793,13794,2,0,0,0.0,0.0,1.0
13793,13794,3,0,0,0.0,0.0,0.9999999999999999
13793,13794,4,0,0,0.0,0.0,1.0
13793,13794,5,0,0,0.0,0.0,1.0
13793,13794,6,0,0,0.0,0.0,1.0
13793,13794,7,0,0,0.0,0.0,1.0
13793,13794,8,0,0,0.0,0.0,1.0
13793,13794,9,0,0,0.0,0.0,1.0
13793,13794,10,0,0,0.0,0.0,1.0
13793,13794,11,0,0,0.0,0.0,0.9999999999999999
13796,1371,0,0,0,0.0,0.0,1.0
13796,1371,1,0,0,0.0,0.0,1.0
13796,1371,2,0,0,0.0,0.0,0.9999999999999999
13796,1371,3,0,0,0.0,0.0,1.0
13796,1371,4,0,0,0.0,0.0,1.0
13796,1371,5,0,0,0.0,0.0,0.9999999999999999
13796,1371,6,0,0,0.0,0.0,1.0
13796,1371,7,0,0,0.0,0.0,0.9999999999999998
13796,1371,8,0,0,0.0,0.0,1.0
13796,1371,9,0,0,0.0,0.0,0.9999999999999999
13796,1371,10,0,0,0.0,0.0,1.0
13796,1371,11,0,0,0.0,0.0,1.0
13797,13798,0,0,0,0.0,0.0,1.0
13797,13798,1,0,0,0.0,0.0,1.0
13797,13798,2,0,0,0.0,0.0,1.0
13797,13798,3,0,0,0.0,0.0,1.0
13797,13798,4,0,0,0.0,0.0,1.0
13797,13798,5,0,0,0.0,0.0,1.0
13797,13798,6,0,0,0.0,0.0,0.9999999999999998
13797,13798,7,0,0,0.0,0.0,1.0
13797,13798,8,0,0,0.0,0.0,1.0
13797,13798,9,0,0,0.0,0.0,1.0
13797,13798,10,0,0,0.0,0.0,1.0
13797,13798,11,0,0,0.0,0.0,1.0
13799,13800,0,0,0,0.0,0.0,1.0
13799,13800,1,0,0,0.0,0.0,1.0
13799,13800,2,0,0,0.0,0.0,1.0
13799,13800,3,0,0,0.0,0.0,0.9999999999999999
13799,13800,4,0,0,0.0,0.0,0.9999999999999998
13799,13800,5,0,0,0.0,0.0,0.9999999999999999
13799,13800,6,0,0,0.0,0.0,1.0
13799,13800,7,0,0,0.0,0.0,1.0
13799,13800,8,0,0,0.0,0.0,1.0
13799,13800,9,0,0,0.0,0.0,1.0
13799,13800,10,0,0,0.0,0.0,0.9999999999999999
13799,13800,11,0,0,0.0,0.0,1.0
15742,11809,0,0,0,0.0,0.0,0.9999999999999998
15742,11809,1,0,0,0.0,0.0,1.0
15742,11809,2,0,0,0.0,0.0,0.9999999999999999
15742,11809,3,0,0,0.0,0.0,1.0
15742,11809,4,0,0,0.0,0.0,1.0
15742,11809,5,0,0,0.0,0.0,1.0
15742,11809,6,0,0,0.0,0.0,0.9999999999999999
15742,11809,7,0,0,0.0,0.0,1.0
15742,11809,8,0,0,0.0,0.0,0.9999999999999998
15742,11809,9,0,0,0.0,0.0,1.0
15742,11809,10,0,0,0.0,0.0,1.0
15742,11809,11,0,0,0.0,0.0,1.0
18150,18151,0,0,0,0.0,0.0,1.0
18150,18151,1,0,0,0.0,0.0,1.0
18150,18151,2,0,0,0.0,0.0,1.0
18150,18151,3,0,0,0.0,0.0,0.9999999999999998
18150,18151,4,0,0,0.0,0.0,1.0
18150,18151,5,0,0,0.0,0.0,1.0
18150,18151,6,0,0,0.0,0.0,1.0
18150,18151,7,0,0,0.0,0.0,0.9999999999999999
18150,18151,8,0,0,0.0,0.0,1.0
18150,18151,9,0,0,0.0,0.0,1.0
18150,18151,10,0,0,0.0,0.0,0.9999999999999998
18150,18151,11,0,0,0.0,0.0,1.0
